iter	RMSE
0	1767.980556
1	1528.467601
2	1380.098827
3	1288.95662
4	1232.290751
